,bmrb_id,pdb_id,chain
0,5514,1YJF,A
1,16548,1XQ8,A
2,4174,2BE6,A
3,4312,1WUM,A
4,15248,1SUE,_
5,15249,1VP6,A
6,6072,1V66,A
7,6527,2B95,B
8,6740,2A05,A
9,4421,1GXQ,A
10,6526,2BL5,A
11,7321,2JM4,A
12,7147,2PP4,A
13,5226,2BKY,B
14,10314,2DHI,A
15,7320,2NRG,A
16,10315,2DHJ,A
18,6925,1M1F,A
19,15341,2JRR,A
20,4528,1KRW,A
21,6649,1X60,A
22,5917,1Q8K,A
23,6648,1ZW8,A
24,7229,2HDL,A
25,6287,1SXD,A
26,326,4ICB,_
27,1120,1LP1,B
28,4380,1EDH,B
29,7228,2HI6,A
30,5149,1HOF,A
31,327,1IGV,A
32,1061,2NVH,A
33,1207,1CYO,_
34,5009,1SCE,B
35,5008,1SCE,A
36,2506,1KJS,_
37,6709,2H30,A
38,17160,2BEM,C
39,15067,1TPH,2
40,7094,2GV1,A
41,15066,1SPQ,B
42,7095,2GOW,A
43,555,1GUJ,B
44,16500,2MB5,_
45,6865,2BBX,A
46,554,1ZNI,C
47,6693,2EXN,A
48,3433,1NLP,C
49,16501,2EB8,A
50,10033,1WJZ,A
51,10255,2COD,A
52,7006,2DEZ,A
53,7260,2HGC,A
54,10254,2COC,A
55,10032,1WJS,A
56,7261,2HJJ,A
57,7007,2G0Q,A
58,6600,1Z6H,A
59,6466,2D3G,B
60,6467,1WXN,A
61,4706,1CX1,A
62,4560,2BF5,B
63,6601,1ZK6,A
64,16593,1RCF,_
65,6132,1TP9,A
66,4035,1A7G,E
67,6354,1TQZ,A
68,11107,2DIZ,A
69,11361,2E61,A
70,4034,1LO1,A
71,6355,1XHJ,A
72,6133,1SR2,A
73,11360,2E61,A
74,11106,2DMK,A
75,5455,1R6H,A
76,16898,1Y5K,C
77,5454,1LBJ,A
78,5218,1AJ6,_
79,68,2D3G,B
80,5219,1K82,A
81,16244,2GHP,G
82,5820,1PJZ,A
83,15722,1NQD,A
84,4678,1EIK,A
85,6989,2G1D,A
86,6519,1YX8,A
87,4679,2OW9,B
88,6518,1YX3,A
89,15277,1QMY,C
90,6483,1YJT,A
91,4914,1CM9,B
92,4584,1DP3,A
93,4585,1DU9,A
94,6482,1YJT,A
95,5176,1HA9,A
96,15082,1IFC,_
97,1378,1JL9,A
98,10044,1WH5,A
99,5311,1R5E,A
100,7070,2GHP,B
101,5177,1TVJ,A
102,10045,1WH7,A
103,1379,2FZ5,A
104,5928,1VDY,A
105,4516,1D5G,A
106,4986,1ZJL,A
107,5929,1VEE,A
108,4987,4MBP,_
109,6410,1Z7P,A
110,4771,1S62,A
111,4224,1MYO,_
112,283,2HXK,B
113,4043,1NRA,_
114,6322,3PYP,_
115,5563,1P94,A
116,15496,2AL4,D
117,5704,1PU1,A
118,6004,1Q8X,A
119,6263,1SPW,A
120,4364,1SLM,_
121,2539,1R69,_
122,5868,1PVE,A
123,10105,1V31,A
124,7130,1E0C,A
125,5251,2HDM,A
126,7356,1IFC,_
127,4098,1LFO,_
128,10104,1UJX,A
129,5036,1I11,A
130,7357,1IFC,_
131,7131,2CNJ,D
132,6953,2FJ3,A
133,4854,1MI4,A
134,6458,2D3G,B
135,4739,1C7W,A
136,5961,2FYJ,A
137,5796,1PA4,A
138,6096,2PG1,D
139,5359,9PTI,_
140,6097,1UW2,A
141,5358,9PTI,_
142,4259,1UCK,B
143,6138,1T0G,A
144,7196,3DFR,_
145,17205,1Z2G,A
146,2151,1QFN,A
147,7197,3DFR,_
148,16664,1AM7,A
149,4696,1C6W,A
150,10039,1WGQ,A
151,10038,1WJP,A
152,1162,1BCT,_
153,5954,1KTZ,B
154,4351,1I8X,A
155,6256,1TVI,A
156,1397,2DGC,A
157,5199,1KG1,A
158,4136,2I68,B
159,6257,1BA6,_
160,1396,2DGC,A
161,6031,1TOZ,A
162,4350,1AKE,A
163,4969,1IEH,A
164,6699,4ICB,_
165,4968,9PTI,_
166,5556,1MM3,A
167,10131,1V5P,A
168,5265,1KV4,A
169,7104,1LWR,A
170,7362,2NWT,B
171,10130,1WF9,A
172,15390,2JRD,A
173,5264,1KJ6,A
174,6564,2JMX,A
175,6643,1N9D,A
176,16940,2BDY,A
177,6642,1TW4,B
178,915,1OVH,A
179,5142,1IWT,A
180,7223,2HJ8,A
181,16379,2ILA,_
182,5324,2AAO,B
183,10070,1WEZ,A
184,5143,1HLL,A
185,10071,1WF1,A
186,5670,1NBL,A
187,5886,1SKY,E
188,15784,2BA3,A
189,4828,1N9J,A
190,4829,2C6Y,A
191,15785,1RSY,_
192,11322,2CU7,A
193,6317,1UTX,B
194,4076,1OSP,O
195,4210,1W0T,B
196,6171,1SRZ,A
197,4211,2BBG,_
198,4077,2FKE,_
199,16849,1RB9,_
200,5484,1EB0,A
202,5485,1W41,A
203,17476,2UZG,A
204,4282,1XNA,A
205,4283,2FNB,A
206,5778,1P6S,A
207,16543,1XQ8,A
208,5779,1NNV,A
209,7418,2F3Z,A
210,6826,2FY9,B
211,10284,2DA2,A
212,6079,1TI3,A
213,15242,2JPE,A
214,4318,1G7O,A
215,15243,1YZ1,C
216,10285,2DA3,A
217,15669,1FGZ,A
218,6452,2PKT,A
219,6453,1YHD,A
220,6635,2C5L,C
221,4554,1RX2,_
222,10261,2DJV,A
223,7032,2FEB,A
224,5353,1LKJ,A
225,10260,2DJU,A
226,16169,1BNE,A
227,5352,1H4H,C
228,15594,3ICB,_
229,5606,1J7H,C
230,4267,1X8U,C
231,16294,2ALG,A
232,15507,1FD9,A
233,5863,1Q6U,A
234,6194,1AXH,_
235,4093,1HRH,B
236,16060,1VB0,A
237,4092,1IO4,D
238,6195,1T3K,A
239,4957,1BJA,B
240,6850,2B7E,A
241,1991,1VCX,A
242,1500,1KLR,A
243,6851,2AQ0,A
244,1766,1NOA,_
245,5568,1N6Z,A
246,10095,1WH9,A
247,15235,1EKG,A
248,6268,1R8U,B
249,6269,1U3M,A
250,10094,1WH8,A
251,15234,1EKG,A
252,6329,1WO3,A
253,15374,7RXN,_
254,7386,1P7J,A
255,15375,1RB9,_
256,6328,1WO3,A
257,4049,2I9A,C
258,6581,2OI3,A
259,4486,2MOB,A
260,421,1C5A,_
261,4487,1CE3,A
262,6910,2FE0,A
263,6580,2BBU,A
264,16121,2JOY,A
265,15088,2JN7,A
266,15089,2ES9,A
267,5923,2A37,A
268,2249,1EPG,_
269,6221,1XSF,A
270,6047,1S6L,A
271,4326,1DK3,A
272,5389,1L4S,A
273,6046,1S6N,A
274,4327,1UEA,D
275,5746,1E4V,A
276,6489,1WU0,A
277,15845,1Y15,A
278,7315,2NXN,B
280,62,2H76,A
281,7173,2DCV,A
282,10320,2DI9,A
283,5213,1P8G,A
284,7172,2HD7,A
285,7314,2NXN,B
286,5075,1JFN,A
287,10321,2DIB,A
288,6513,2AHM,A
289,4414,2B3I,A
290,4884,1G47,A
291,4673,1EIO,A
292,15729,1ZLI,B
293,6617,1PEX,_
294,5948,2PJI,A
295,16585,2EYO,A
296,4577,1QD7,C
297,5949,2PJF,A
298,10024,2DW3,A
299,10242,1X6D,A
300,17382,1BD9,B
301,10243,1X6E,A
302,3078,2GIT,E
303,10025,1UL7,A
304,16678,2F93,A
305,6343,1XPN,A
306,4022,1HCB,_
307,11110,2CUM,A
308,11376,2DGO,A
309,6342,1E31,A
310,11111,1X5K,A
311,6579,1Z9I,A
312,6578,1BXL,A
313,4619,1E0E,B
314,7119,2I3B,A
315,16042,1FDQ,A
316,7118,2GLE,A
317,4974,1LW6,I
318,4782,1BYF,A
319,6872,2B38,A
320,15070,1IW0,C
321,7083,2DJM,A
322,5184,1J5J,A
323,15071,1IW0,C
324,15217,2JN9,A
325,5185,2VPF,H
326,17251,2GT8,A
327,15130,1HC9,B
328,16630,1GWY,A
329,6932,2FM4,A
330,4834,1LM4,B
331,6933,1WF8,A
332,7058,2DK9,A
333,6290,1T2Y,A
334,4397,1F2L,A
335,5338,1L3Y,A
336,4396,2H9E,C
337,6291,1X9B,A
339,4758,1F53,A
340,4163,1BK8,_
341,6202,1TTE,A
342,10299,2DB8,A
343,4305,1F95,B
344,4162,1EPF,C
345,5503,2GGM,B
346,16739,1ZFU,A
347,5764,1NO8,A
348,15866,2DA9,A
349,2196,1KJS,_
350,5231,1SLM,_
351,6398,2BJD,A
352,7151,2H80,A
353,5056,1JXC,A
355,6399,1HH8,A
356,10302,2DBM,A
357,5499,1M5Z,A
359,4437,1OB1,F
360,491,1QFN,A
361,5808,2F05,A
362,6531,2H2K,B
363,4650,1M25,A
364,15320,2JR5,A
365,1672,2BC5,C
366,6945,2FS1,A
367,1414,1F93,H
368,6944,2G2K,A
369,4843,1IJZ,A
370,1673,1D03,A
371,4186,2CBS,A
372,5128,1KJT,A
373,6080,1XM2,A
374,5129,1IQS,A
375,6629,1ZDV,A
376,15882,2PEH,A
377,15412,2ALE,A
378,5976,1WCJ,A
379,6628,2F69,A
380,5977,1R73,A
381,6013,1WLX,A
382,10088,1WHA,A
383,4114,1A5J,_
384,4115,2GYK,E
385,6012,1RL1,A
386,10089,1WJ1,A
387,4373,1FHO,A
388,16380,1VKB,A
389,15480,2BVO,B
390,5712,1IPB,A
391,5713,1QLX,A
392,16528,2CNR,A
393,6189,1SS6,A
394,10112,1V86,A
395,7127,2H45,A
396,6188,1ST7,A
397,10113,1V5M,A
398,7126,2F5M,A
399,6721,1ZR7,A
400,6546,2IN1,A
401,5689,1QWV,A
402,6406,1B88,B
403,4991,1ILO,A
404,937,1TYM,B
405,4990,1IP0,A
406,936,2OMI,I
407,6407,2FK4,A
408,7200,3DFR,_
409,10235,1WGU,A
410,10053,1B1H,A
411,7067,2G31,A
412,7201,2HJQ,A
413,15094,1NAQ,F
414,5653,1J0T,A
415,5652,1NE5,A
416,6334,1FD9,A
417,4055,1AQ5,C
418,4233,1AXH,_
419,295,1DO9,A
420,1093,1VDQ,A
421,17008,1XM0,A
422,6152,1SJ6,A
423,294,1EHB,A
424,6335,1XJH,A
425,4054,1AQ5,A
426,4899,1G5V,A
427,6769,2AMW,A
428,7308,1MMS,B
429,5069,2B5Z,A
430,5068,2HTX,A
431,6494,1COM,I
432,6804,2B88,A
433,4593,1EOQ,A
434,4592,1EJQ,A
435,6495,1COM,J
436,6805,2B89,A
437,15007,2NPR,A
438,6392,2PF5,A
439,4295,1BPV,_
440,6393,2PF5,A
441,5803,2DQE,Y
442,5492,1RGH,B
443,10293,2DMQ,A
444,6208,1TUZ,A
446,10292,2DMP,A
447,6209,1TIZ,A
448,4168,1BV8,A
449,5509,2GAB,B
450,5999,1VYN,A
451,4937,1HVW,A
452,3466,2PTL,_
453,5508,2GAB,B
454,5998,2F1E,A
455,16555,2BUO,A
456,4936,1QJ8,A
457,5155,1S3S,G
458,10067,1UHT,A
459,10066,1UFX,A
460,6432,1WVK,A
461,6654,2AAP,A
462,6655,1ZU1,A
463,4752,1J9I,A
464,6300,1U3O,A
465,6166,1SRZ,A
466,4207,2ORC,_
467,6167,1SNL,A
468,4206,2MFN,_
469,4060,1JRL,A
470,5667,1N0Z,A
471,5891,1R7J,A
472,5401,1SXD,A
473,15965,1IHQ,A
474,5666,1RMM,A
475,15792,1MK7,B
476,6939,2F1Y,A
477,15824,1Y15,A
478,5540,1C7F,B
479,5726,2BRZ,_
480,4789,1F81,A
481,5727,2BRZ,_
482,6241,1YZB,A
483,7089,1Y93,A
484,6240,1TQ1,A
485,1381,1V6P,B
486,4121,1BW5,_
487,6715,1ZZA,A
488,4475,1CR8,A
489,10126,1WHR,A
490,16049,1FDQ,A
491,5014,1GXE,A
492,10127,1WHU,A
493,7112,2HWT,A
494,16048,1FDQ,A
495,5273,1KIO,A
496,4876,1QQY,A
497,6787,2CHD,A
498,6970,1E96,A
499,6786,1FF3,C
500,4877,2FI4,I
501,4028,3SXL,B
502,6349,1XRD,A
503,7181,2H3J,A
504,7180,2GZO,A
505,15426,2F1C,X
506,5942,1XAX,A
507,15427,1J1D,A
508,114,2CRD,_
509,10248,1WZ6,A
510,16327,1DSB,A
511,10249,1X05,A
512,5751,1UAP,A
513,5537,1UZC,A
514,4909,2NMO,A
515,4599,7HSC,A
516,5536,5NUC,_
517,15852,2F3Y,A
518,4908,2DMM,A
519,4598,1CKW,A
520,4157,1LFC,_
521,4331,3SSI,_
522,6050,1BNZ,A
523,397,1W7Z,C
524,2039,1AE3,_
525,6051,1L1D,B
526,4156,2BJX,A
527,6504,1CNR,_
528,4893,1KVZ,A
529,6763,2HST,A
530,4892,1M31,A
531,4402,1QLX,A
532,4664,1JZU,A
533,6505,1YEZ,A
534,7302,2I4K,A
535,5204,1HHN,A
536,10336,1WWY,A
537,5659,2IN2,A
538,6596,1ZA8,A
539,6906,1ZQ3,P
540,16605,1C6W,A
541,4490,1CLV,I
542,6597,2B02,A
543,6907,1SYD,_
544,5297,1L2M,A
545,6158,2GTG,A
546,6159,1YHP,A
547,5935,1K6M,A
548,10059,1WIN,A
549,10058,1WIK,A
550,162,1MOX,C
551,10118,2EXD,A
552,4084,1UP1,_
553,4085,1SXL,_
554,6182,1N0S,A
555,5682,1QXF,A
556,15511,2CJR,D
557,5875,1Q10,B
558,4378,1G8I,B
559,10082,1WEY,A
560,6019,2BKY,B
561,2217,2EXF,A
562,15045,2JMM,A
563,4379,1QLX,A
564,10083,1WFG,A
565,4940,1R5R,A
566,6847,2B5X,A
567,16523,1COL,B
568,1517,1D66,A
569,10276,2D9T,A
570,10277,2D9U,A
571,10011,2COM,A
572,7242,1JR2,B
573,5123,1IWT,A
574,1585,1ZNI,C
575,6444,1Y93,A
576,975,1BRJ,A
577,6377,1XYJ,A
578,6376,2BVB,A
579,6110,1UUC,A
580,4271,1JFJ,A
581,4848,1X8R,A
582,5610,2G9J,C
583,4849,2FJY,A
584,6718,1ZV6,A
585,5847,1PV0,A
586,5846,1PUZ,A
587,1071,1APO,_
588,5018,1ICH,A
589,4785,1XRK,B
590,6682,1ZR9,A
591,1743,5CRO,C
592,4972,1MO1,A
593,6875,2AFG,B
594,4784,1G2H,A
595,16981,2AHM,A
596,15077,2PG1,B
597,15211,2JOZ,A
598,7084,2FB7,A
599,15210,2JOY,A
600,15076,2PG1,D
601,5182,2GFE,B
602,6476,1YQA,A
603,4717,1Y2G,B
604,4570,1C8C,A
605,6611,1ZIT,A
606,4716,1N4C,A
607,10245,1X6G,A
608,10023,1Q8K,A
609,15283,2IGD,_
610,10244,1X6F,A
611,5622,1NHO,A
612,6344,1TVG,A
613,6122,1SMX,B
614,11371,2DGO,A
615,6123,1WKX,A
616,4242,2BVU,D
617,6345,1WPI,A
618,11370,2DGO,A
619,4302,1X5C,A
620,4303,1DX7,A
621,5763,1RQ8,A
622,5995,1ZND,A
623,5236,1KN7,A
624,46,9PTI,_
625,5050,1JC6,A
626,5051,1JCU,A
627,7330,1OMY,A
628,4299,1G4C,B
629,6751,2AFE,A
630,496,1STA,_
631,4430,2CNP,B
632,4656,1G26,A
633,1867,1V6R,A
634,6536,2GTO,A
635,497,2EYO,A
636,4431,1CKV,_
637,15350,2GSV,B
638,15137,1A43,_
639,16451,1PHP,_
640,15969,1QGT,B
641,7239,1JTG,C
642,5158,109M,_
643,6297,1UKX,A
644,16362,1GWY,A
645,7238,1JTG,C
646,5159,1XKE,A
647,4391,1JGK,A
648,5596,1YH5,A
649,5907,1RW2,A
650,6272,1Z9V,A
651,4113,2HZE,A
652,6014,1MMQ,_
653,6015,2AVG,A
654,4112,1O82,D
655,5573,1L0S,B
656,5572,1L0S,C
657,10115,1V88,A
658,5027,1J8K,A
659,7120,2GYT,A
660,5241,1NW2,H
661,10114,1V5U,A
662,248,1T2Y,A
663,7121,2DO8,A
664,5240,1NW2,E
665,30,1HST,B
666,1811,1SRB,_
667,6540,2AXL,A
668,4447,1H7Y,A
669,5879,1Q5F,A
670,6727,2AJE,A
671,4446,1NW2,H
672,4620,1QLX,A
673,6541,2F3Y,A
674,1480,1HCC,_
675,15327,2HGK,A
676,1675,1KBA,B
677,16426,1BQV,_
678,1674,1EPG,_
679,16172,1BNE,B
680,5348,1IW4,A
681,16173,1H4A,X
682,6448,1XHS,A
683,979,1PBA,_
684,15885,2DNY,A
685,15884,1DIV,_
686,6449,1MZN,G
687,1918,1H20,A
688,5786,1OP4,A
689,4668,1IX5,A
690,4669,1XCT,P
691,5208,1ZQW,_
692,16254,1DFN,A
693,5209,1JN3,A
694,79,1AG6,_
695,754,1LBJ,A
696,6493,2A3J,A
697,16566,7TIM,B
698,1553,1TCF,_
700,5392,2HDZ,A
701,5393,1TJF,A
702,15001,2JM1,A
703,4506,1CW5,A
704,6401,2F77,X
705,4760,1C49,A
706,5939,2JP2,A
707,6400,2F77,X
708,4507,1CW6,A
709,7207,2HF6,A
710,5166,1JW2,A
711,10054,1WFQ,A
712,15092,1J7D,B
713,10055,1WFS,A
714,5654,1MVK,E
715,15956,2GOO,B
716,4052,1SNC,_
717,4053,1SNM,_
718,15109,2JNG,A
719,6332,1N2D,A
720,7055,2Z2I,A
721,5334,1G03,A
722,5152,1FCL,A
723,10060,1WJK,A
724,7054,2GM2,A
725,10061,1WJL,A
726,6653,1ZW8,A
727,4755,1EMX,A
728,6306,2IO2,C
730,6160,1OC0,B
731,2956,1LQC,_
732,4839,1MVP,B
733,16007,1ZX8,A
734,4292,1B1V,A
735,16006,1O5U,A
736,5804,2HTX,A
737,15560,2IN0,A
738,15706,1SCJ,A
739,5495,1LMM,A
741,15252,2JPN,A
742,4308,1EGJ,A
743,10294,2DMS,A
744,10295,2DMT,A
745,15253,1VDR,B
746,4309,1DK0,A
747,5768,1P6T,A
748,4930,1PS2,_
749,1700,1SRB,_
750,5769,1P6T,A
751,507,1TUS,_
752,4931,1F95,B
753,6976,2FJ6,A
754,447,1QOG,A
755,6780,2OUT,A
756,5629,1TE4,A
757,6781,2CUJ,A
758,4686,1EL0,A
759,4249,1XPA,_
760,6128,1SE9,A
761,5081,1B2V,A
762,7186,2GX1,A
763,6129,1S6U,A
764,96,1L1M,B
765,15421,1AGT,_
766,15420,1MTX,_
767,15646,1DN1,B
768,10029,1WFV,A
769,375,1AHL,_
770,16146,1ENF,A
771,15288,2JQO,A
772,374,1AHL,_
773,10028,2DWV,B
774,11086,1WYO,A
775,16321,1WZV,A
776,4979,1HA8,A
777,6688,2HHI,A
778,5721,1ND4,A
779,4978,1Q56,A
780,5720,4AKE,B
781,4127,2ITL,A
782,4340,1YP7,A
783,6247,1TH5,A
784,2049,1HB8,B
785,5188,1IRR,A
786,6574,1YVC,A
787,4615,1DKC,A
788,4473,2HWN,B
789,15529,2FFG,A
790,6712,2A55,A
791,4472,1U8T,A
792,6575,2CIA,A
793,10121,1J26,A
794,16228,1UBQ,_
795,5275,1KRI,A
796,7114,1ZJL,A
797,10120,1UFG,A
798,5274,2F91,B
799,7115,1IPC,A
800,5012,1J7M,A
801,4496,1OM2,A
802,6901,1W6V,A
803,16464,1PHP,_
804,6900,2ION,A
805,1451,1DGC,A
806,6590,2B6F,A
807,4497,7HSC,A
808,298,1AHL,_
809,6339,1XO8,A
810,4058,1CBH,_
811,7396,2PP4,A
812,6338,1XMT,A
813,4059,1CBH,_
814,5933,1OW5,A
815,5756,1N0S,A
816,15854,1TW4,B
817,6809,2FFK,A
818,6498,1YSM,A
819,5398,1P7M,A
820,11062,2CZU,A
821,6057,1NG2,A
822,4336,1HPC,B
824,6231,1UV0,A
825,5399,1SXE,A
826,6056,1RKL,A
827,4337,1HPC,B
828,4404,1CLV,I
829,6503,1F2F,A
830,16866,2DMW,A
831,16690,1YW5,A
832,4663,1C3T,A
833,4405,1J5K,A
834,4895,1G6P,A
835,5202,2ILX,A
836,7305,1U06,A
837,15190,2JOQ,A
838,10330,2D7O,A
839,5065,1IBI,A
840,10331,2D7P,A
841,5125,1IP2,A
842,5342,1NJQ,A
843,5124,1IWT,A
844,6442,1SYR,A
845,6624,2BYE,A
846,6625,2NMM,A
847,3485,1ANS,_
848,1582,1SNM,_
849,6443,1YDU,A
850,6370,1WQK,A
851,16284,1W1N,A
852,4276,1I5K,B
853,6117,1SG7,A
854,6371,2HDE,A
855,5617,2ILN,I
856,5471,1P7T,A
857,5470,2OVO,_
858,4083,1UDR,D
859,6184,1J54,A
860,6185,1RZS,A
861,4082,1FIL,_
862,15517,1RWY,B
863,5873,1P6R,A
864,10085,1WG5,A
865,10084,1WFI,A
866,17145,1YZ8,P
867,6279,2J4T,A
868,6840,2D3J,A
869,4947,1HZK,A
870,16524,2CNR,A
871,5579,1CRB,_
872,4946,1HZK,A
873,6841,2B1U,A
874,16743,1QLX,A
875,16525,2CNR,A
876,4825,1M58,A
877,6922,2D3D,A
878,16447,1PHP,_
879,15121,1XD3,A
880,15120,1SLM,_
881,5911,1Q2F,A
882,5910,1BF4,A
883,6429,1MZN,C
884,5329,1L7Y,A
885,4387,8TFV,A
886,16113,2IM8,A
887,5328,1L7B,A
888,4386,1EZT,A
889,5512,1TVQ,A
890,15680,2GP0,A
891,6074,1H70,A
892,4173,1G05,B
893,6212,2CLY,C
894,10289,2DA7,A
895,10288,2DA6,A
896,6075,1JL3,D
897,4314,2HCC,_
898,4427,1QKY,A
899,6746,2AKK,A
900,6520,2BIC,A
901,4641,1FO7,A
902,1870,1YPC,I
903,4426,1BDO,_
904,480,1BDS,_
905,6747,2AYJ,A
906,5047,1JBI,A
907,6388,1XV3,A
908,10313,2DA0,A
909,5220,1I1J,B
910,6389,1WT7,A
911,10312,2D9Z,A
912,17393,2D82,A
913,10252,2CO9,A
914,10034,1WK0,A
915,10035,1WK1,A
916,17392,2D82,A
917,10253,2COA,A
918,7000,2A7Y,A
919,5958,1UGM,A
920,4567,1FZY,A
921,4701,1D9S,A
922,6460,1ZGG,A
923,5959,1R21,A
924,16904,1XQ8,A
925,4032,1KF3,A
926,4254,1L3G,A
927,6135,1RMK,A
928,11100,2DML,A
929,4255,2IF1,_
930,6134,1SA8,A
931,4033,1LO1,A
932,11101,2DJ1,A
933,16669,1DPF,A
934,16668,2GCN,A
935,260,9PCY,_
936,16235,1JJZ,A
937,5268,1CIX,A
938,7109,2GZZ,A
939,7108,2GZZ,A
940,6569,1OKS,A
941,5850,1P8A,A
942,6568,1OKS,A
943,5851,1P7A,A
944,5194,1TJM,A
945,17166,1TVB,E
946,15061,2JNQ,A
947,7092,2GL1,A
948,4792,2AN7,A
949,6695,1GAW,A
950,4964,1BRI,B
951,4965,2NXN,B
952,7076,108M,_
953,5317,1IV6,A
954,5171,9PTI,_
955,7210,2JMQ,A
956,10043,1WGW,A
957,15085,2JN4,A
958,7211,3ERA,B
959,7077,2EB8,A
960,15084,1TW4,B
961,10042,1WGV,A
962,4981,1G4F,A
963,6416,1ZLQ,B
964,4776,1QXN,B
965,4980,1N3Z,A
966,4510,1CXW,A
967,4223,1TBA,A
968,6142,1XEO,A
969,6324,1X9A,B
970,4045,1YUA,_
971,4044,1UUG,B
972,4222,1IV9,A
973,6143,1O8T,A
974,284,2IFQ,C
975,16024,1OFF,A
976,16243,2GHP,G
977,7319,1TV9,A
978,15543,2BZ2,A
979,4419,1CB9,A
980,5826,1EB0,A
981,4418,1CB9,A
982,6779,1ZE3,D
983,15270,2JQ5,A
984,3442,1Y5K,C
985,6484,2CXJ,A
986,4912,1F95,B
987,6955,2F09,A
988,4852,1CM9,B
989,1663,1GPR,_
990,15156,1FCC,C
991,11358,2E61,A
992,11359,2E61,A
993,6639,1MMC,_
994,15892,1HML,_
995,4558,1K46,A
996,5967,2AOJ,B
997,1336,1BBO,_
998,6091,1VJ6,A
999,7259,2DUN,A
1000,6090,1FF3,C
1001,4197,2CPB,_
1002,16302,1XQ8,A
1003,15800,1W6N,B
1004,5702,1AXH,_
1005,5565,2IZ4,A
1006,6265,1T1H,A
1007,17159,1IYT,A
1008,10098,1R79,A
1009,17158,2CS2,A
1010,6002,1RG6,A
1011,10099,1UEM,A
1012,4105,2H61,H
1013,6264,2GWP,A
1014,1496,2ADR,_
1015,4636,1F3V,A
1016,6731,2BW2,A
1017,5698,1NMR,A
1018,4451,1F2R,C
1019,6730,2BP3,A
1020,6556,1YYB,A
1021,1497,2ADR,_
1022,4637,1AKH,A
1023,6199,1SOU,A
1024,10102,1UJT,A
1025,5030,1TUJ,A
1026,7137,2H7T,A
1027,6198,1O13,A
1028,10103,1UJU,A
1029,5257,1HJ0,A
1030,7136,2LZH,_
1031,7350,2BZB,B
1032,5031,1M2F,A
1033,196,1CBH,_
1034,4130,1B5A,_
1035,4356,1HVC,_
1036,6037,1RJI,A
1037,7099,2GJ2,A
1038,4357,1B72,B
1039,6250,1KDB,_
1040,4131,1B5A,_
1041,6869,2AYA,A
1042,4798,1FPW,A
1043,5736,1ZYI,A
1044,6868,2ASY,B
1045,5551,1H0Z,A
1046,15396,1G49,A
1047,10136,1UFF,A
1048,5004,1IJZ,A
1049,7365,2E45,A
1050,7103,2HJI,A
1051,16059,2Q2T,A
1052,5262,1KS0,A
1053,10137,2CZT,A
1054,7102,2GJF,B
1055,15758,1FBR,_
1056,17439,1UBQ,_
1057,6563,1JL3,D
1058,6705,1TTX,A
1059,4465,1JVO,J
1060,4603,1HQB,A
1061,15162,2A5D,B
1062,6359,1XS8,A
1063,5096,1FU9,A
1064,80,1ATX,_
1065,17064,1XIO,A
1066,4039,1RSY,_
1067,6358,1XS3,A
1068,5097,1F94,A
1069,4866,2ESP,A
1070,5458,1EH1,A
1071,1657,2RN2,_
1072,6960,2D82,A
1073,16662,1PZ4,A
1074,5459,1IYM,A
1075,10258,2DJS,A
1076,10259,2DJT,A
1077,11091,2E6J,A
1078,15650,2F3Y,A
1079,5952,1BY9,_
1080,5953,1KTZ,B
1081,5483,1J3G,A
1082,2542,1WQQ,_
1083,5813,1P6T,A
1084,16010,1Z6S,B
1085,10319,2DN6,A
1086,16011,1DFJ,E
1087,10318,2DKQ,A
1088,6383,1XYW,A
1089,5519,1PPF,I
1090,16722,1Y15,A
1091,6820,2AMI,A
1092,5518,1PPF,I
1093,16723,1Y15,A
1094,6821,1HL5,J
1095,15245,1YU8,X
1096,10283,2DA1,A
1097,10282,2CUF,A
1098,15244,1EW4,A
1099,11417,2DMX,A
1100,4524,1DAV,A
1101,6645,1VDR,B
1102,5323,1EZG,B
1103,7224,2HG7,A
1104,10077,1WI8,A
1105,5322,1MR6,A
1106,10076,1WFO,A
1107,5677,1PV3,A
1108,1479,1HCC,_
1109,6928,2HW0,A
1110,15783,2AFG,B
1111,5880,1UHU,A
1112,5410,1MPZ,A
1113,6929,2FGX,A
1114,6176,1T0Y,A
1115,4217,1BHU,_
1116,6310,1XWN,A
1117,4070,1ZE3,C
1118,6311,2AFJ,A
1119,6177,1SJR,A
1120,4216,1BHI,_
1121,5692,1U5S,B
1122,15501,1U7B,A
1123,5865,1PVZ,A
1124,5693,1GRI,A
1125,16838,1JPS,T
1126,4094,2B8X,A
1127,10108,1V5N,A
1128,6193,1TP5,A
1129,10109,1V5Q,A
1130,6192,1AXH,_
1131,4095,1AUU,B
1132,15232,1SYD,_
1133,4368,1QRY,A
1134,10092,1WH4,A
1135,2061,2ECH,_
1136,15233,1EKG,A
1137,4369,1XMQ,S
1138,10093,1WH6,A
1139,6008,1TN3,_
1140,15055,2JMP,A
1141,2206,2ECH,_
1142,2060,1CM2,A
1143,6455,1CNR,_
1144,15408,1FCL,A
1145,16931,1FKH,_
1146,4553,1XDG,A
1147,6454,2AVX,A
1148,4735,1F35,A
1149,16309,1TW4,B
1150,5132,1JXC,A
1151,5354,1LL8,A
1152,7035,2FRW,A
1153,5355,1ZW9,A
1154,7034,2GHF,A
1155,5133,1JXC,A
1156,4858,1FJ7,A
1157,4859,1AOO,_
1158,6367,1XN7,A
1159,4260,1BKU,_
1160,4261,1BKU,_
1161,6366,1ZTS,A
1162,4321,1QST,A
1163,5527,1MB6,A
1164,5741,1RX4,_
1165,1729,1EPG,_
1166,4589,1EHX,A
1167,5740,1RX2,_
1168,1728,1V6R,A
1169,4918,1QVE,A
1170,3449,1BWX,_
1171,7174,2HDP,B
1172,5073,1HUM,B
1173,10327,2DS4,A
1174,5072,1JBJ,A
1175,7175,2HEQ,A
1176,10326,2DMC,A
1177,10140,2DYI,A
1178,4883,2CWI,B
1179,6984,1U7E,B
1180,4675,1E17,A
1181,6514,1YWU,A
1182,4674,1EIJ,A
1183,6985,2GD7,A
1184,6515,1YYC,A
1185,4882,1I8H,B
1186,15548,2OCT,A
1187,5287,2F3Y,A
1188,5286,2F3Y,A
1189,17013,1P6Z,N
1190,15372,1ZLI,B
1191,4228,1XBL,_
1192,4811,1HFZ,C
1193,6916,2EWL,A
1194,6587,2A01,A
1195,6917,2AV5,A
1196,16340,3ICB,_
1197,10049,1WJT,A
1198,1375,2SGD,I
1199,1374,1DS3,I
1200,314,1PPE,I
1201,10048,1WJI,A
1202,5925,2A36,A
1203,5924,1KTM,A
1204,15626,1MR3,F
1205,10290,2DJN,A
1206,15256,1TWO,A
1207,17136,1GN0,A
1208,10291,2DMN,A
1209,2262,1V6R,A
1210,6833,1UB4,B
1211,4934,1HS5,B
1212,4935,1KVN,A
1213,6832,2FX5,A
1214,6391,1Y93,A
1215,4296,1MJC,_
1216,16265,1ZYN,A
1217,7159,2F30,A
1218,5238,1KMX,A
1219,48,9PTI,_
1220,4297,1JWE,A
1221,1037,2HOA,_
1222,6390,2AGM,A
1223,49,9PTI,_
1224,6539,2GTO,A
1225,15564,1A91,_
1226,5490,1H2O,A
1227,1869,2SNI,I
1228,6538,1Z2K,A
1229,5491,1IYC,A
1230,5801,1P9J,A
1231,6303,1U7J,B
1232,6165,1SSL,A
1233,4204,1GZZ,B
1234,4205,1BQV,_
1235,15139,2JO6,A
1236,6302,1MFT,A
1237,16090,1NAY,B
1238,5664,1NQ4,A
1239,5892,2BKY,Y
1240,5402,2GE9,A
1241,5665,1OVX,A
1242,6299,1U5M,A
1243,338,9PTI,_
1244,10064,1UEW,A
1245,7237,1BT5,A
1246,10065,1UFN,A
1247,6298,2I32,A
1248,7236,1JTG,C
1249,6657,1ZWU,A
1250,5908,1WTQ,A
1251,5598,1OV2,A
1252,4751,1IVM,A
1253,5909,1BF4,A
1254,5599,1N9D,A
1255,5849,1UFM,A
1257,6570,1ZZP,A
1258,5848,1UGL,A
1259,6571,2AXD,S
1260,6717,1ZG2,A
1261,7110,2D82,A
1262,7376,1R1U,B
1263,15385,1J1D,A
1264,10125,1WHN,A
1265,7377,1R1U,B
1266,7111,2PEA,A
1267,10124,1UJV,A
1268,5725,2BRZ,_
1269,5724,2BRZ,_
1270,15826,1MYW,A
1271,11011,1P6T,A
1272,6024,1BT5,A
1273,4123,1D5G,A
1274,15079,2JN0,A
1275,4122,2OI3,A
1276,15078,2PG1,B
1277,4344,1CPZ,A
1278,2410,1Z1M,A
1279,6478,1YSF,B
1280,15643,2OFP,B
1281,5940,2ARW,A
1282,6479,1Y6U,A
1283,4718,1BM9,B
1284,15424,2DFK,D
1285,16142,1QG7,A
1286,371,1RB4,B
1287,5378,1QM3,A
1288,16143,2NWG,B
1289,7019,2IDY,A
1290,16670,1PN5,A
1291,443,1KF8,A
1292,4875,2FI5,I
1293,6973,1EJF,B
1294,4874,2F05,A
1295,7182,2H7A,A
1296,15317,2JR2,B
1297,15170,2C7P,A
1298,4666,1DD2,A
1299,6761,2AL3,A
1300,4891,1G6M,A
1301,4401,1AVS,B
1302,6506,1Y62,C
1303,10334,2DI8,A
1304,5060,1JDQ,A
1305,7167,2I3E,A
1306,5206,2H61,A
1307,10335,2DIA,A
1308,5207,1KCY,A
1309,5535,1MSZ,A
1310,5753,1NG7,A
1311,4332,1HFZ,C
1312,394,1BAZ,C
1313,6053,1ZGW,A
1314,4333,1E3Y,A
1315,395,1BAZ,C
1316,6234,1THQ,A
1317,11067,1U4E,A
1318,5936,1E0R,B
1319,4509,1AB1,_
1320,5937,1Q7X,A
1321,7209,2IVW,A
1322,5168,1RYK,A
1323,5169,2GIT,E
1324,1454,1DGC,A
1325,6905,1ZW8,A
1326,4492,1JBA,A
1327,1632,1ZNI,C
1328,434,2NVH,A
1329,4493,1UD7,A
1330,435,2NVH,A
1331,15959,1IRS,A
1332,1633,1OS3,D
1333,6594,1Z2Q,A
1334,5295,2BRZ,_
1335,10081,1VAE,A
1336,10080,1V9W,A
1337,15488,2HZI,B
1338,16074,1PT4,A
1339,5029,1I6F,A
1340,247,4ICB,_
1341,6180,1UVG,A
1342,4087,1DBD,B
1343,5028,1HA9,A
1344,7349,2C0S,A
1345,4086,1BI7,B
1346,6181,1SKO,B
1347,246,1MOX,C
1348,4449,1C8A,A
1349,2527,1PPE,I
1350,17415,1T85,A
1351,4448,1JKN,A
1352,15329,2JRF,A
1353,6375,1U07,B
1354,6113,1Y7N,A
1355,4272,1SFC,E
1356,5475,1PCS,_
1357,5474,1G7F,A
1358,5347,1HRH,B
1359,10013,1WIL,A
1360,7241,1X3Q,A
1361,5120,1GK5,A
1362,6089,1SIY,A
1363,10012,1VDI,A
1364,5789,1A6J,A
1365,6620,2GOV,A
1366,4727,2UUB,P
1367,6447,1Y7X,A
1368,1586,1MHI,B
1369,4540,1NLA,B
1370,6621,1NBP,A
1371,2580,1BHA,_
1372,4688,2J03,S
1373,11113,1X5E,A
1374,11375,2DGO,A
1375,6126,1RY4,A
1376,11374,2DGO,A
1377,11112,1X5I,A
1378,6341,1XOY,A
1380,4246,1LU0,B
1381,6127,2IDO,D
1382,4713,1E0M,A
1383,16587,1IM3,B
1384,4712,1FMM,S
1385,7274,2HH8,A
1386,10027,2E0G,A
1387,10241,1X6B,A
1388,10240,1X69,A
1389,10026,1V5S,A
1390,16984,1RPJ,A
1391,4977,1TUK,A
1392,3427,1ET1,A
1393,6687,2GGM,B
1394,4976,1I2V,A
1395,5187,1V4R,A
1396,15215,2HDM,A
1397,15073,1IW0,C
1398,6248,1YCQ,A
1399,5186,2VPF,H
1400,4128,1R1T,A
1401,15214,2CA5,B
1402,5843,1Q4R,A
1403,15741,2A0N,A
1404,5842,1R9P,A
1405,4394,2IFE,A
1406,16367,1R0X,B
1407,4395,1DFU,P
1408,6292,1JIW,I
1409,5902,1RI0,A
1410,5903,1UUH,B
1411,6309,1Z3R,A
1412,4068,1PPF,I
1413,15355,2PPH,A
1414,15133,2JNY,A
1415,4069,3LRI,A
1416,4836,2H9H,A
1417,5408,1IYR,A
1418,5898,1UOH,A
1419,6930,2FJJ,A
1420,5899,1PEY,C
1421,10300,2DBJ,A
1422,42,1CHO,I
1423,5232,1S40,A
1424,10301,2DBK,A
1426,4434,1QLX,A
1427,6755,2ABY,A
1428,6754,1QAV,A
1429,6532,2H2K,B
1431,4306,1R1T,A
1432,4307,1B10,A
1433,4161,2IRF,G
1434,15692,2BVB,A
1435,5766,1NZP,A
1436,6838,1G6A,A
1437,5501,1M4F,A
1438,5767,1ORL,A
1439,16310,1TVQ,A
1440,6082,1S6D,A
1441,4184,1F8H,A
1442,5783,2A83,B
1443,5974,2JOL,A
1444,15676,1FO7,A
1445,15410,1UBQ,_
1446,4279,1B3C,A
1447,15322,2HO9,A
1448,4278,3LRI,A
1449,5619,1XM0,A
1450,4840,2CDN,A
1451,2384,2PSP,B
1452,10111,1V63,A
1453,5022,1UMU,A
1454,5244,2END,_
1455,10110,1V5R,A
1456,4443,1C55,A
1457,6722,1U2P,A
1458,15518,2GTK,A
1459,6010,1X9A,B
1460,4117,1B64,_
1461,4116,2GYK,E
1462,6277,2ESP,A
1463,6011,1RJJ,A
1464,4370,1Z7X,X
1465,15813,1OMS,C
1466,5710,1OQK,A
1467,15952,1RSY,_
1468,5650,1VSA,R
1469,1639,1UWX,A
1470,15953,2PG1,D
1471,6337,1WGK,A
1472,7399,2PJF,A
1473,6150,1VYF,A
1474,6336,1XSC,A
1475,4057,1AZ6,_
1476,6894,2B3A,A
1477,6404,1SZ9,A
1478,10050,1WJU,A
1479,7203,2HI3,A
1480,10051,1IOZ,A
1481,5163,1RDG,_
1482,6807,1EZ9,A
1483,4590,1EIH,A
1484,4900,1HEJ,C
1485,4591,1EJQ,B
1486,4901,1PFJ,A
1487,6496,1COM,J
1488,6059,2FNF,X
1489,2031,1IAR,A
1490,6058,1RZW,A
1491,4339,1T0K,B
1492,2030,1KA5,A
1493,16869,2ASD,A
1495,4568,1J3F,A
1496,15654,1GZZ,B
1497,15433,1LFO,_
1498,7195,1KMV,A
1499,5092,1JO6,A
1500,15166,2JOD,A
1501,5093,1KKG,A
1502,15167,2JOE,A
1503,16891,1Y5K,C
1504,6964,2FVT,A
1505,4695,2EB9,A
1506,4863,1FJC,A
1507,5266,1KTM,A
1508,7107,1B56,_
1509,5000,1M3G,A
1510,7360,1BED,_
1511,5267,2B59,A
1512,7106,2OWI,A
1513,10133,451C,_
1514,16803,1EQT,B
1515,16493,2AFG,B
1516,4460,1DPU,A
1517,16492,2BX9,L
1518,4461,1DF6,A
1519,6255,2HGU,P
1520,192,1CBH,_
1521,193,1EDN,_
1522,6254,1TXE,A
1523,6032,1T3Y,A
1524,5554,1MKE,A
1525,5555,1MM2,A
1526,15971,2FB7,A
1527,16448,1PHT,_
1528,5884,1V06,A
1529,5672,1I6F,A
1530,15349,2CUB,A
1531,6172,1SB6,A
1532,15348,2JRZ,A
1533,6315,1U6F,A
1534,916,1P6Z,N
1535,1129,4HIR,_
1536,10073,1WFJ,A
1537,5141,1T4Z,A
1538,7220,1IKO,P
1539,4388,1ZRF,A
1540,1128,4HIR,_
1541,10072,1WF2,A
1542,5326,1L6T,A
1543,6824,1YO4,A
1544,4923,1G9P,A
1545,16726,1G8I,B
1546,16541,1OVL,F
1547,10287,2DA5,A
1548,10286,2DA4,A
1549,4429,1RQU,A
1550,5817,1PB5,A
1551,2546,1BBL,_
1552,4428,1YU7,X
1553,6386,1Y1B,A
1554,4281,1YSF,B
1555,5049,2HYM,A
1556,4280,1QK9,A
1557,6387,1Y1C,A
1558,5462,1G6H,A
1559,5604,1MWZ,A
1560,15596,1M8A,B
1561,5,1AHL,_
1562,6363,1TTZ,A
1563,6362,2AZH,A
1564,4265,1M9L,A
1565,6104,1S6I,A
1566,5968,1ZV6,A
1567,6637,1ZWU,A
1568,6451,1K3E,A
1569,4731,1I1J,B
1570,4557,1QLO,A
1571,5350,5PNT,_
1572,7257,2HVZ,A
1573,358,1ATB,_
1574,10004,2FYH,A
1575,10262,2DKM,A
1576,7256,2QGV,C
1577,10263,2DN7,A
1578,4199,1C89,A
1579,10005,2D49,A
1580,16537,2ETL,A
1581,6853,1FO1,B
1582,2065,1BWO,B
1583,10096,1IWM,A
1584,15236,1EW4,A
1585,10097,1J0F,A
1586,15237,1EW4,A
1587,5860,1PXQ,A
1588,5696,1RGW,A
1589,4638,1IV7,A
1590,5697,1RGW,A
1591,4639,1FEX,A
1592,15505,1CYN,A
1593,5258,2GOL,D
1594,16205,1HSL,B
1595,6197,1RUW,A
1596,4090,2EZH,_
1597,16204,1HSL,B
1598,29,1POH,_
1599,7138,1QFJ,C
1600,4091,1BFC,_
1601,16344,1CQM,B
1602,7078,2AIH,A
1603,7079,2GQB,A
1604,5318,2PLD,A
1605,4779,1KTZ,B
1606,6888,2G0L,A
1607,6418,1UHI,B
1608,5921,1VC1,A
1609,6419,1XU6,A
1610,5920,1UMQ,A
1611,15111,2OOA,A
1612,15110,2HDM,A
1613,6912,2I9H,A
1614,4815,1FFJ,A
1615,4814,1AEP,_
1616,6913,2FA4,A
1617,6583,1ZFS,A
1618,1442,2A3G,A
1619,10323,2DJ4,A
1620,5077,1JJG,A
1621,10322,2DIC,A
1622,5210,1K7B,A
1623,60,1HOE,_
1624,7171,2DCV,A
1625,4671,1H2O,A
1626,6980,2G2B,A
1627,4417,1QMR,A
1628,6776,1UJ8,A
1629,4887,2CWI,B
1630,4886,1YOB,A
1631,6981,2G0U,A
1632,4143,3NCM,A
1633,6222,1T1T,A
1634,6044,1ZH5,B
1635,6045,1S04,A
1636,4324,1LP1,B
1637,6223,1YSB,B
1638,7424,1NIW,A
1639,5744,1XQ8,A
1640,7425,2F3Z,A
1641,1875,1F2M,A
1642,4645,1FWO,A
1643,6524,1B68,A
1644,485,9PTI,_
1645,6742,1YZB,A
1646,4423,1Y0J,A
1647,4422,1CCV,A
1648,4644,1Y0J,B
1649,1874,2EYO,A
1650,6525,1TI5,A
1651,10317,2DKP,A
1652,7322,1RRO,_
1653,55,2PLH,_
1654,5225,1JNS,A
1655,10316,2DHK,A
1656,5042,2HDM,A
1657,4929,1XDX,B
1658,5771,1E9T,A
1660,4928,1F62,A
1661,5516,2J1K,J
1662,6216,1SRK,A
1663,4177,1BO0,_
1664,6070,1V6R,A
1665,16184,1Y15,A
1666,6071,1TMW,A
1667,16185,1Y15,A
1668,6284,1T3W,A
1669,10079,1V9V,A
1670,325,3ICB,_
1671,4383,1BWO,B
1672,4382,1DX8,A
1673,6285,1U89,A
1674,1344,1ZNI,C
1675,6926,2FFT,A
1676,4820,1HD6,A
1677,6927,2G5M,B
1678,5678,2D5V,A
1679,6178,1SJQ,A
1680,4219,1BZB,A
1681,6179,1UVG,A
1682,5190,1EK8,A
1683,4358,1B72,B
1684,17163,2IE2,C
1685,15064,1TPH,2
1686,5191,1DD5,A
1687,199,1PPE,I
1688,15065,1TPH,1
1689,15203,2JOV,A
1690,17162,2IE2,C
1691,16502,2AFG,B
1692,4797,1IAZ,A
1693,6866,2ETT,A
1694,4961,1K46,A
1695,10138,2DYI,A
1696,1062,2NVH,A
1697,264,1B0C,C
1698,15399,2FJ3,A
1699,10139,2DYI,A
1700,16499,2MB5,_
1701,15530,2OYN,A
1702,15756,2CG7,A
1703,17437,1ZDN,A
1704,15757,1DYT,A
1705,15531,1CSG,A
1706,11104,2DJ2,A
1707,11362,2E61,A
1708,5098,1JU8,A
1709,4036,1AKP,_
1710,6357,1JTG,C
1711,5099,1UEA,D
1712,11105,2DJ0,A
1713,4037,1V9T,A
1714,6356,2GA5,A
1715,6130,1S6U,A
1716,5456,2ADF,A
1717,5630,1NI7,A
1718,15932,2FUN,B
1719,4868,9PTI,_
1720,1658,1RN1,B
1721,5457,1PD7,B
1722,4869,1LWM,A
1723,5364,1GO5,A
1724,7005,2DEZ,A
1725,10030,1WJO,A
1726,15290,2JQQ,A
1727,10256,2COF,A
1728,7262,2JM2,A
1729,7004,2GBS,A
1730,10257,2DJR,A
1731,10031,1WJR,A
1732,4562,1VDQ,A
1733,6603,2B5X,A
1734,6465,2AIZ,P
1735,4704,1BCX,_
1736,6464,1YEL,A
1737,4705,1BCX,_
1738,4563,1DWY,A
1739,6228,1W1N,A
1740,15013,2JMC,A
1741,4149,1OQR,C
1742,5381,1EJM,F
1743,7287,2I7K,A
1744,6810,2AYX,A
1745,6480,1YJT,A
1746,4587,1OKH,B
1747,5529,1IV7,A
1748,6811,2AJ0,A
1749,6481,1YJT,A
1750,10329,2D7N,A
1751,10328,2D7M,A
1752,15720,2I9Y,A
1753,4041,1RSY,_
1754,4227,1BQZ,_
1755,11173,2DAG,A
1756,280,1QE6,C
1757,4040,1TKV,A
1758,6321,3PYP,_
1759,5288,1MW4,A
1760,6588,2A01,A
1761,6918,2AMI,A
1762,15945,2AXI,A
1763,6589,1X32,A
1764,6919,2CH0,A
1765,10047,2ECC,A
1766,5175,1J2N,A
1767,5313,1R5S,A
1768,7072,2DC2,A
1769,10046,1WI0,A
1770,5312,1NEE,A
1771,5174,1IRZ,A
1772,6882,2ERS,A
1773,4773,1OSP,O
1774,4985,1YKG,A
1775,4984,2CH4,W
1776,6883,1ZC1,A
1777,6735,2H2R,B
1778,6553,1YYJ,A
1779,4633,1MOL,B
1780,695,1NOA,_
1781,6552,1YZC,A
1782,6734,2H2R,B
1783,4455,1QA9,B
1784,7355,1IFC,_
1785,10106,1V32,A
1786,10107,1V5K,A
1787,5560,1RDU,A
1788,5706,1NY9,A
1789,15494,2AL4,D
1790,5707,1H4B,A
1791,5561,1O6X,A
1792,15495,2AL4,D
1793,16395,1SKM,A
1794,6007,1TN3,_
1795,2208,1CWC,A
1796,4101,1CEX,_
1797,5794,1X27,E
1798,15406,2HTJ,A
1799,5963,2APN,A
1800,4193,1E4V,A
1801,1333,451C,_
1802,1666,1ET1,A
1803,6951,2FQC,A
1804,5469,1CHO,I
1805,4857,2A0B,_
1806,6369,1XN5,A
1807,6368,1XN9,A
1808,7366,2NOC,A
1809,5261,2O3B,B
1810,1209,1ICA,_
1811,15395,1G49,A
1812,10135,1YNR,B
1813,7101,2GJH,A
1814,5006,1HC9,A
1815,15394,2FJ3,A
1816,1208,1CYO,_
1817,16494,2AFG,B
1818,5859,1Q71,A
1819,6560,256B,A
1820,4467,1UB1,A
1821,2999,1CKU,B
1822,4466,1ADW,B
1823,6561,1YTR,A
1824,6252,1YJ7,A
1825,4133,2G9J,B
1826,6034,1W80,A
1827,4354,4MBP,_
1828,6035,1UW0,A
1829,194,1EDN,_
1830,4132,2UYZ,A
1831,16334,1G8I,B
1832,5369,1LIQ,A
1833,11093,2E6I,A
1834,5368,1HUR,A
1835,6468,2FSO,X
1836,15653,1QKR,A
1837,5950,2BN8,A
1838,15434,1LFO,_
1839,6469,1WXL,A
1840,11109,2DJ3,A
1841,15161,2ODD,A
1842,11108,2DIY,A
1843,5094,1KX9,B
1844,15160,2I5O,A
1845,4865,1PPF,I
1846,4864,1PPF,I
1847,4924,1HP2,A
1848,16547,1XQ8,A
1849,6822,2ASW,A
1850,4925,1EYF,A
1851,16546,1XQ8,A
1852,10280,2D9X,A
1853,15020,2IFS,A
1854,10281,2CUE,A
1855,15712,2GBT,C
1856,4648,1FZT,A
1857,1878,1SNO,_
1858,5810,1OH1,A
1859,15713,2GBT,C
1860,4649,1G03,A
1861,6381,1TPX,A
1862,6380,1XYQ,A
1863,16628,1VP6,A
1864,6175,1SZL,A
1865,4072,2GHY,A
1866,15128,2JNU,A
1867,6313,1DQE,A
1868,15129,2NWM,A
1869,6312,1W7E,A
1870,4215,1C76,A
1871,4526,2A5E,_
1872,6647,1MMC,_
1873,4740,1GH9,A
1874,5918,1RIL,_
1875,4527,1KRW,A
1876,5589,1NXI,A
1877,10074,1WFM,A
1878,10212,2CUD,A
1879,5320,1FDQ,A
1880,7227,2IM8,A
1881,6288,1W6B,A
1882,10213,2E29,A
1883,10075,1WFN,A
1884,7226,2HGA,A
1885,5147,1JJD,A
1886,6854,2B86,A
1887,15498,1C4Z,D
1888,2204,2ECH,_
1889,10091,1WJN,A
1890,2205,2ECH,_
1891,10090,1WJJ,A
1892,5691,1NY4,A
1893,5867,1UHF,A
1894,6738,2A4H,A
1895,15503,1Y9T,A
1896,4459,1ABA,_
1897,5866,1PUN,A
1898,5690,1ONJ,A
1899,6739,2A2P,A
1900,4458,1ABA,_
1901,5039,1I26,A
1902,4097,1HRH,B
1903,257,2HSH,A
1904,5038,1JAS,A
1905,7359,1BED,_
1906,256,2HSH,A
1907,5603,1O8R,A
1908,5465,2GTG,A
1909,15591,1Q02,A
1910,5464,1M36,A
1911,6364,1XNE,A
1912,6102,1RWU,A
1913,15339,2JRM,A
1914,6103,1S6J,A
1915,15338,2JRP,A
1916,6365,1XN6,A
1917,5799,1J97,A
1918,16933,2FKE,_
1919,5798,1NY8,A
1920,6631,1ZKH,A
1921,6457,2D3G,B
1922,4736,1QLZ,A
1923,7250,2JMG,A
1924,5131,1VJ6,A
1925,7036,1WX6,A
1926,5356,1LQ7,A
1927,7251,1SAI,D
1928,5130,1IWT,A
1929,10002,1VEX,A
1930,10264,1X5B,A
1931,10324,2DLG,A
1932,66,1DTK,_
1933,5070,1JH3,A
1934,10325,2DMB,A
1935,5071,1JC2,A
1936,7310,2BIU,X
1937,7176,2HFR,A
1938,5217,1KFT,A
1939,6771,4CRO,B
1940,4880,1H67,A
1941,4410,1QK7,A
1942,6517,1YWW,A
1943,6986,2GJY,A
1944,4677,1EXK,A
1945,4881,1YOB,A
1946,4411,1KTZ,A
1947,15278,1QMY,A
1948,6225,2GS0,A
1949,4145,1GL5,A
1950,4323,1GGQ,C
1951,385,1RPG,_
1952,7423,2F3Y,A
1953,5742,1XZO,A
1954,1377,1IVO,C
1955,6679,1ZXH,A
1956,4988,1I25,A
1957,4989,1F80,E
1958,5284,1KZW,A
1959,17010,3WRP,_
1960,5285,1KZW,A
1961,6585,1VJH,B
1962,1444,1OS3,B
1963,6914,2ARF,A
1964,15949,1XM2,A
1965,16616,2FJ3,A
1966,5912,1Q2Z,A
1967,5583,1ICF,J
1968,4384,1D1D,A
1969,6283,1VFQ,A
1970,6282,1U5L,A
1971,5888,1AR0,A
1972,6920,2FFW,A
1973,4827,1N9J,A
1974,4078,1VAP,B
1975,2371,1CM2,A
1976,6318,1XFL,A
1977,4079,1AAB,_
1978,4642,1FD3,D
1979,16847,2PG1,B
1980,4425,1BDO,_
1981,5044,1IE5,A
1982,10311,2D9Y,A
1983,7324,2NPB,A
1984,5223,2IIM,A
1985,7142,2FJ3,A
1986,7417,1NIW,A
1987,6828,1UB4,B
1988,7416,1NIW,A
1989,5511,1E96,A
1990,4316,1YCE,R
1991,6210,1Y4O,B
1992,4317,1AIL,_
1993,2278,1XLQ,A
1994,7198,3DFR,_
1995,4031,3RN3,_
1996,4257,1VPC,_
1997,6136,8ABP,_
1998,7199,3DFR,_
1999,11102,2DMM,A
2000,4256,1L3G,A
2001,6137,1SM7,A
2002,6351,2KTX,_
2003,4699,1EMZ,A
2004,6969,2FXP,C
2005,5105,1RYK,A
2006,7264,1EXP,_
2007,10251,1X1G,A
2008,10037,1WJQ,A
2009,7003,2UWD,A
2010,5104,1JRM,A
2011,7265,1EXP,_
2012,15296,1ZFS,A
2013,10036,1WLM,A
2014,10250,1X1F,A
2015,4703,1HA6,A
2016,15659,1AF8,_
2017,6604,1O4D,A
2018,4565,1QIB,A
2019,15063,2JMU,A
2020,6258,1S62,A
2021,1399,2DGC,A
2022,7091,1PF9,Q
2023,17165,1I4F,B
2024,15204,1L6X,A
2025,6259,1TVM,A
2026,1398,2DGC,A
2027,2498,1GZZ,B
2028,6860,2GW6,A
2029,4791,1JR6,A
2030,4967,1NSO,A
2031,1757,1ZXA,B
2032,4966,1H0J,B
2033,263,9PTI,_
2034,262,9PTI,_
2035,5853,2G9B,A
2036,6141,2BIU,X
2037,6327,1WO5,A
2038,6326,1WO6,A
2039,4047,1HUU,B
2040,4221,1BM4,A
2041,287,1NER,_
2042,4819,1DCJ,A
2043,10040,1WGR,A
2044,15086,2JN6,A
2045,7075,2PST,X
2046,15087,2DYD,A
2047,10041,1WGS,A
2048,5173,1K36,A
2049,7074,2GMG,A
2050,5315,1L4S,A
2051,4774,1FU0,A
2052,6415,2HTX,A
2053,4775,1GO4,B
2054,6884,2HLU,A
2055,15449,1N8L,A
2056,6049,1RJV,A
2057,15014,2JMD,A
2058,7281,2FKI,A
2059,4329,2BRU,C
2060,5387,1UBQ,_
2061,3441,1JSE,_
2062,7429,1IRS,A
2063,6816,2AHQ,A
2064,4581,1D1O,A
2065,3440,1UDR,D
2066,4911,1F95,B
2067,5749,1X22,A
2068,15726,1YTY,B
2069,5824,1V2Z,A
2070,2575,1PGX,_
2071,15727,1YTY,B
2072,16878,1XWH,A
2073,5825,1V2Z,A
2074,5792,1EW4,A
2075,17507,1Q2U,A
2076,16300,1XQ8,A
2077,4195,1HC9,A
2078,10009,1WFW,A
2079,6092,1VJ6,A
2080,10008,1WFT,A
2081,6093,1UUH,A
2082,5609,1ZNU,A
2083,4851,1GGW,A
2084,8,1HC9,A
2085,4850,1FOV,A
2086,6957,2FI2,A
2087,15333,2JRJ,A
2088,4269,2GM5,D
2089,6108,1RRZ,A
2090,15332,2PPH,A
2091,6109,1S8K,A
2092,1495,1BBI,_
2093,6554,1IYT,A
2094,4453,1H8B,A
2095,4452,2AFP,A
2096,15508,1QJO,A
2097,6733,2H2R,B
2098,1494,1L1M,B
2099,6555,1YWS,A
2100,5033,1OZZ,A
2101,5255,1WKT,_
2102,7134,2GLO,A
2103,10101,1UG7,A
2104,7135,2LZH,_
2105,10100,1UEP,A
2106,5701,1R9K,A
2107,5567,2G46,B
2108,15493,2AL4,D
2109,4959,1H0A,A
2110,5566,1OY2,A
2111,15492,2AL4,D
2112,6266,1FE4,B
2113,6000,1R4K,A
2114,16393,1XF9,A
2115,6001,1XWE,A
2116,4360,2CM6,B
2117,4106,3EZA,A
2118,6267,1VKR,A
2119,6304,1WYW,B
2120,6305,2IO2,C
2121,4064,1HFC,_
2122,4202,1HL5,J
2123,5405,1M25,A
2124,5895,2H61,H
2125,5662,1J2N,A
2126,5404,1XEO,A
2127,10063,1UE9,A
2128,5151,1FD6,A
2129,7231,2GOV,A
2130,7057,1ZWV,A
2131,4757,1DV0,A
2132,15037,2IZ3,A
2133,10297,2E19,A
2134,15036,2IZ3,A
2135,17357,1VYK,A
2136,10296,2DMU,A
2137,15250,1GNS,A
2138,4933,1PS2,_
2139,6834,2A7O,A
2140,6835,2AMN,A
2141,4932,1BWO,B
2143,6396,1Y4O,B
2144,5059,1JE3,A
2145,4290,1DQC,A
2146,7339,2I9Y,A
2147,5058,1GNU,A
2148,6758,2F1N,A
2149,5807,1VD0,A
2150,4438,1C44,A
2151,6759,2H3K,A
2152,5806,1UEO,A
2153,5496,1MG8,A
2154,5946,2FVN,A
2155,4579,1JOC,A
2156,11084,1WYN,A
2157,376,2FZ5,A
2158,11085,1WYL,A
2159,5119,1YCE,U
2160,4684,1MHU,_
2161,1642,1HOE,_
2162,15928,1X0O,A
2163,6782,2B3W,A
2164,4685,1DL0,A
2165,5082,1JLZ,A
2166,7185,2GUT,A
2167,7184,2GVS,A
2168,5083,1B56,_
2169,15177,1R1U,B
2170,6577,1Z9B,A
2171,4616,1DX7,A
2172,4470,1F0Z,A
2173,4617,1DXW,A
2174,7371,2OA4,A
2175,5010,1JAJ,A
2176,5276,1KMA,A
2177,7117,2H1Z,A
2178,10122,1J3T,A
2179,15382,2JOT,A
2180,7370,1KDJ,_
2181,5011,1OBO,A
2182,10123,1N27,A
2183,16989,2CQB,A
2184,5723,2BRZ,_
2185,4124,3PDZ,A
2186,6023,1CLL,_
2187,4342,1EKG,A
2188,6022,1Q8L,A
2189,4343,2ADC,A
2190,15219,1MV9,A
2191,4769,1ZGU,B
2192,5931,1HRH,B
2193,6899,2F05,A
2194,5930,1ASS,_
2195,7068,2G9O,A
2196,5309,1M3V,A
2197,7069,2G9O,A
2198,5308,1M7T,A
2199,6902,2AWG,A
2200,6592,1X3Q,A
2201,1453,1DGC,A
2202,16600,2HPW,A
2203,16466,5HPG,A
2204,1452,1DGC,A
2205,1634,1MXE,A
2206,4494,3LRI,A
2207,17260,2ETL,A
2208,15101,2JOQ,A
2209,15100,2JNE,A
2210,4407,1CMZ,A
2211,6766,2AKL,A
2212,4897,1J8R,A
2213,6500,1X5M,A
2214,4661,1CY5,A
2215,6501,1QZ8,B
2216,4896,1P6Q,A
2217,10333,2DI7,A
2218,7160,1VDQ,A
2219,7306,1U06,A
2220,5067,1GJX,A
2221,10332,2D7Q,A
2222,7307,1MMS,B
2223,5200,1J1V,A
2224,5754,1EGX,A
2225,4335,1NYA,A
2226,4152,4AKE,B
2227,6233,1YX4,A
2228,4334,1KQQ,A
2229,6373,1JHF,B
2230,4012,1GOA,_
2231,6114,1T15,A
2232,5472,1PPF,I
2233,5473,1PPF,I
2234,5615,1P4W,A
2235,5126,1UC6,A
2236,7247,2HZ8,A
2237,7021,1FD9,A
2238,5340,2BID,A
2239,2281,1TTG,_
2240,4188,1BCI,_
2241,7020,2F3I,A
2242,10015,1WJD,B
2243,349,1TPK,B
2244,16925,2FKE,_
2245,6626,1ZU2,A
2246,1911,5ZNF,_
2247,4721,1D8K,A
2248,1581,1SNM,_
2249,17147,1YZ8,P
2250,10086,1WGY,A
2251,15226,1XSW,A
2252,10087,1WH3,A
2253,16527,2CNR,A
2254,16741,2IDU,A
2255,6843,2B1W,A
2256,4944,1LJU,A
2257,16740,2IDS,A
2258,16526,2CNR,A
2259,7129,2GGR,A
2260,4080,1TOP,_
2261,6187,1SF0,A
2262,5249,1DCD,B
2263,7128,2HA1,A
2264,4081,2HYM,B
2265,5686,2HQR,B
2266,6549,1ZEO,A
2267,4628,1G9E,A
2268,15514,2DTQ,B
2269,5687,1P68,A
2270,5728,2BRZ,_
2271,6877,1BY9,_
2272,4786,1XRK,B
2273,6681,2OBU,A
2274,5729,2SEM,A
2275,16982,1RPJ,A
2276,547,1MXE,A
2277,4971,1I8X,A
2278,6876,2NNR,A
2279,7087,2H0P,A
2280,2227,1PPE,I
2281,15074,2JMO,A
2282,4348,1NTC,B
2283,6029,2A00,A
2284,7086,2FCL,A
2285,5181,1K42,A
2286,6028,1RQ6,A
2287,17172,1KF3,A
2288,16489,2IMU,A
2289,5844,2FFM,A
2290,5845,2H5M,A
2291,15521,1FTT,_
2292,16047,1FDQ,A
2293,15388,1DTL,A
2294,10128,1VA9,A
2295,274,1WEJ,F
2296,16046,1FDQ,A
2297,15389,2PJV,A
2298,275,1SH1,_
2299,10129,1WF5,A
2300,5620,1NE3,A
2301,4878,1HHN,A
2302,5621,1NEI,B
2303,4879,1T2W,B
2304,11372,2DGO,A
2305,11114,1X5C,A
2306,6121,2DHS,A
2307,11373,2DGO,A
2308,6120,1T17,A
2309,4241,2XBD,_
2310,6475,2BGO,A
2311,4714,2NNT,B
2312,6613,1Z8R,A
2313,4573,1DHN,_
2314,15429,1LFO,_
2315,6612,1Z1M,A
2316,7273,2I1T,A
2317,10246,1X6H,A
2318,15280,2H30,A
2319,5375,1LD6,A
2320,7014,2HSX,A
2321,7272,2IHB,B
2322,16328,2FJ3,A
2323,10021,1IJP,A
2324,15281,2O0P,A
2325,10247,2CO8,A
2326,45,1P2O,D
2327,5235,1OWX,A
2328,5053,1IFW,A
2329,5052,1ONJ,A
2330,495,1F2M,A
2331,6752,1Z87,A
2333,6753,2ADZ,A
2334,494,1SNM,_
2335,4301,1CFE,_
2336,6060,1VJ6,A
2337,4167,1RSY,_
2338,6207,1TE7,A
2339,4166,1RSY,_
2340,4300,1HQ2,A
2341,4939,1FU9,A
2342,5507,2B9A,A
2343,2856,2PJG,A
2344,5997,1BGF,_
2345,7400,2PJF,A
2346,5761,1IU1,A
2347,5760,2A38,C
2348,5996,1ZND,A
2349,10069,1UJS,A
2350,4393,1OWA,A
2351,10068,1UJO,A
2352,5905,1WTQ,A
2353,5595,2HPU,A
2354,5594,2BAY,F
2355,15353,2JS4,A
2356,4209,2CPB,_
2357,4831,1YKY,X
2358,16634,2IN8,A
2359,4830,1E8B,A
2360,5668,1P7M,A
2361,5024,1HC9,A
2362,32,1L1M,B
2363,5242,1KN6,A
2364,1812,1TXX,A
2365,4622,1QOJ,B
2366,6724,2A0A,A
2367,4623,2XBD,_
2368,1813,1TXX,A
2369,6542,1M15,A
2370,2219,1JS2,B
2371,6271,2UV0,H
2372,4110,1QU6,A
2373,4376,1CZ5,A
2374,6016,2OHR,A
2376,6849,2B68,A
2377,5571,1C7F,B
2378,16171,2F5M,B
2379,10278,2D9V,A
2380,16170,1BNE,A
2381,6084,1SQ8,A
2382,10279,2D9W,A
2383,5784,2GIT,E
2384,5973,1R6R,B
2385,15142,2B95,B
2386,6379,2AVX,A
2387,15324,2JRA,A
2388,15325,2JRB,A
2389,15143,1MID,A
2390,6378,1XYK,A
2391,6940,1IHO,A
2392,4597,1CKX,A
2393,3456,1L4V,A
2395,2868,1Y5K,C
2396,6801,2D07,B
2397,4596,1CKX,A
2398,16565,1NF0,B
2399,5538,1H3Z,A
2400,15265,2Q00,B
2401,6238,1TOT,A
2402,17362,1YLA,B
2403,4159,1LSI,_
2404,15002,2JM3,A
2405,4158,1DE3,A
2406,15264,1ZYN,A
2407,7297,2IDA,A
2408,5833,1R3B,A
2409,15730,1ZLI,B
2410,6598,1Z65,A
2411,6908,1SYD,_
2412,5657,1NR3,A
2413,4237,1EV0,B
2414,6330,1XSC,A
2415,6331,1WQU,A
2416,6157,1VD8,A
2417,4236,1U2G,C
2418,5298,1L1P,A
2419,4995,1IHQ,A
2420,6403,1TPX,A
2421,6893,2BAF,A
2422,932,2HPR,_
2423,10057,1WFZ,A
2424,5303,1J56,A
2425,5165,1JW3,A
2426,15090,2JNA,A
2427,10056,1WFY,A
2428,7063,2G7J,A
